Date,User,Tweet
2014-05-11 13:01:35+00:00,yadavakhilesh,"I have realized in this election that it is easy to be communal, but the need of the hour is to be secular and... http://t.co/V3rUYBPrbA"
2014-05-10 16:06:22+00:00,yadavakhilesh,Thanks to all the people who joined me for the road show today in Varanasi and a special thanks to the youth. You... http://t.co/z6NHQAH1Xo
2014-05-09 04:05:05+00:00,yadavakhilesh,Last few hours of campaigning. http://t.co/SzpHl0WM9K
2014-05-08 03:26:49+00:00,yadavakhilesh,"At Bhadohi.

The Bhadohi district is the biggest Carpet manufacturing center in India.

Construction of a 4 lane... http://t.co/AsZMMJXlIM"
2014-05-04 13:45:13+00:00,yadavakhilesh,"Please watch my interview tonight at 9pm, on NDTV 24x7."
2014-05-02 07:38:34+00:00,yadavakhilesh,At Azamgarh Airstrip http://t.co/nySn9Agvum
2014-05-02 05:14:18+00:00,yadavakhilesh,Today's interview is on Aaj Tak at 11:30am.
2014-05-01 10:35:06+00:00,yadavakhilesh,Samajwadi Party would stop Modi's model in UP. His model of dividing India. http://t.co/1WuIFBS4er
2014-04-28 17:19:35+00:00,yadavakhilesh,"Incredible turnout today, for our Roadshow in Lucknow. Thank you. http://t.co/xOp3UE7a4R"
2014-04-24 07:29:25+00:00,yadavakhilesh,Voting Day in Saifai. http://t.co/FzgjBcRkgJ
2014-04-24 04:21:45+00:00,yadavakhilesh,I posted a new photo to Facebook http://t.co/d25dsPFbQY
2014-04-24 02:54:23+00:00,yadavakhilesh,I posted a new photo to Facebook http://t.co/E5pHY7tWH4
2014-04-23 14:40:47+00:00,yadavakhilesh,"Happy to see the Samajwadi Party flag flying high all the way in Seattle, USA. Thank you for sharing. http://t.co/sijV71I6YW"
2014-04-20 10:32:47+00:00,yadavakhilesh,Tomorrow in Ahmedabad. http://t.co/49jYKGx808
2014-04-18 16:20:45+00:00,yadavakhilesh,"Flagged off the LED Vans that will be screening our commercials. These vans will be seen in Manipuri, Kannuaj,... http://t.co/GO00gdwhGG"
2014-04-17 11:35:20+00:00,yadavakhilesh,Today with Dimple at Nademau district Kannuaj. http://t.co/qKjVidXFuB
2014-04-17 02:39:44+00:00,yadavakhilesh,I posted a new photo to Facebook http://t.co/4NIeZltW4j
2014-04-16 17:24:42+00:00,yadavakhilesh,I posted a new photo to Facebook http://t.co/AUtoixBfpl
2014-04-16 17:19:46+00:00,yadavakhilesh,I posted a new photo to Facebook http://t.co/aNVx2tFYMg
2014-04-16 11:13:47+00:00,yadavakhilesh,Today's interview is at 8:30pm on Sahara Samay.
2014-04-15 07:58:24+00:00,yadavakhilesh,"With Rajat Sharma, today at 2:30pm on India TV."
2014-04-14 13:55:32+00:00,yadavakhilesh,With Deepak Chaurasiya on India News at 10pm tonight.
2014-04-13 16:24:03+00:00,yadavakhilesh,"Dimple's interview on Politics Uncut - Times Now

Part 1
http://t.co/1ap27LLtfZ

Part 2... http://t.co/skmbaLe6QR"
2014-04-12 05:26:18+00:00,yadavakhilesh,Watch me today on Times Now at 12:30pm.
2014-04-10 10:50:21+00:00,yadavakhilesh,"At today's rally in Katra, district Shahajahanpur. http://t.co/1Y5EU5CiG2"
2014-04-08 16:32:11+00:00,yadavakhilesh,World's biggest election . . . . . . it's a political mela. http://t.co/xjIrKfVnQL
2014-04-07 16:51:30+00:00,yadavakhilesh,I posted a new photo to Facebook http://t.co/8RefI4vSYu
2014-04-07 07:51:29+00:00,yadavakhilesh,"‘We will do better than 2009 elections’
 - Akhilesh Yadav, Hindustan Times
 
LUCKNOW: Out campaigning in the... http://t.co/C8vUQPBFC8"
2014-04-06 18:18:10+00:00,yadavakhilesh,"Netaji, at today's rally. http://t.co/yA2A6GCu1t"
2014-04-05 15:27:50+00:00,yadavakhilesh,Watch me tonight at 10pm on Aaj Ki Aadalat - India TV. http://t.co/YBLfZmQOkO
2014-04-04 16:05:03+00:00,yadavakhilesh,In Kannauj yesterday with a guest from Canada. http://t.co/3tj4vA7gZo
2014-04-04 14:01:35+00:00,yadavakhilesh,A lot of people told me that the Free Laptop Distribution was an impossible dream. Today I tell them to see these... http://t.co/UJb7zA41Yn
2014-04-04 06:33:57+00:00,yadavakhilesh,"Please watch my interview on ETV, Central Hall at 8:30pm tonight. 

It will be repeated at 11.30pm and at 9:30pm on Urdu ETV Channels."
2014-04-03 10:43:18+00:00,yadavakhilesh,Nomination of Dimple from Kannauj. http://t.co/aVhjgJTF2t
2014-04-02 15:09:50+00:00,yadavakhilesh,Today we released our party's manifesto for the upcoming Lok Sabha elections. http://t.co/lOM5T25VoF
2014-04-02 07:17:01+00:00,yadavakhilesh,I posted a new photo to Facebook http://t.co/oeLz1hqTaJ
2014-03-30 16:54:44+00:00,yadavakhilesh,Thank you for the overwhelming turnout today. Your support is most inspiring. http://t.co/BfupnTYkXC
2014-03-23 16:11:56+00:00,yadavakhilesh,Remembering Dr. Ram Manohar Lohiaji on his birthday. http://t.co/61BO5noTXI
2014-03-21 16:53:50+00:00,yadavakhilesh,"Samajwadi Party initiates, India's largest Social Security movement with Samajwadi Pension Scheme."
2014-03-17 04:50:55+00:00,yadavakhilesh,"Happy Holi!
होली पर्व की हार्दिक शुभकामनाएं!"
2014-03-07 15:55:36+00:00,yadavakhilesh,http://t.co/RKSAxu8tS6... http://t.co/BRs8EvdAoC
2014-03-01 19:09:55+00:00,yadavakhilesh,For those who have not seen our invitation to to the world. Here is our Tourisim Commercial. http://t.co/IY4W3rgRLI
2014-02-28 17:16:42+00:00,yadavakhilesh,I am happy to innaugrate the new Toy Train at the Lucknow Zoo today. The new train is here after 44 years. http://t.co/vwj7Vyi7Wx
2014-02-26 15:25:56+00:00,yadavakhilesh,"Yesterday, we unveiled the logo for the Lucknow Metro. 

We also laid the foundation stone for projects worth... http://t.co/2u42sBBOyO"
2014-02-23 15:12:11+00:00,yadavakhilesh,"Today, I flagged off our Cycle Rally from Jantar Mantar, Delhi. http://t.co/xE33gj4JAT"
2014-02-21 16:28:53+00:00,yadavakhilesh,Today was the last day of the 15th Lok Sabha. This Lok Sabha has been a memorable one for me. We lost and we won... http://t.co/P3NaxrVlt7
2014-02-17 04:23:57+00:00,yadavakhilesh,"The IAS XI made us work really hard for our win today. They had excellent players.

Final Score CM XI 141, IAS XI... http://t.co/n8jzw3CS9T"
2014-02-14 15:38:03+00:00,yadavakhilesh,"Today we have taken a decision to regularize 1.7 Lakh 'Shiksha Mitras' (Friends of Learning) as teachers.

This... http://t.co/nNWYEz5TIF"
2014-02-12 16:05:46+00:00,yadavakhilesh,"Today we have launched the Samajwadi Pension Scheme which will benefit almost 4 million poor families.
 
The... http://t.co/Mr71b3fTNJ"
2014-02-09 16:52:52+00:00,yadavakhilesh,Sharing with you a memory from my school days. I am in the front row. http://t.co/nsytOJw3zy
2014-02-06 17:40:45+00:00,yadavakhilesh,The most prominent feature of the Chattar Manzil of Lucknow is the Umbrella shaped dome from which it has derived... http://t.co/JJNJmrYk4x
2014-02-06 03:35:05+00:00,yadavakhilesh,Social entrepreneurship has played an important role since the ancient times. It ensures that the villagers come... http://t.co/dIxdD51Nlc
2014-02-05 16:49:45+00:00,yadavakhilesh,Social entrepreneurship has played an important role since the ancient times. It ensures that the villagers come... http://t.co/C9aoYKK9fW
2014-02-05 08:55:17+00:00,yadavakhilesh,I am happy to announce that more than a 100 medical tests will now be free at all government hospitals in the... http://t.co/0hfmiOKKBc
2014-01-30 16:23:06+00:00,yadavakhilesh,"Yesterday night, at the Gorkha Regimental Center. http://t.co/ZpUl0mMK7z"
2014-01-26 08:52:39+00:00,yadavakhilesh,Uttar Pradesh - Home of the Taj. This is our invitation to the world. Enjoy and share our home with the world. http://t.co/RLYM3Ytcm9
2014-01-26 07:25:59+00:00,yadavakhilesh,Happy Republic Day http://t.co/lSU4mXUsyp
2014-01-19 17:22:24+00:00,yadavakhilesh,"Kushinagar is one of the four most important pilgrimage sites marking Lord Buddha’s life, where he attained... http://t.co/2BBWMSNw1z"
2014-01-16 16:11:27+00:00,yadavakhilesh,I was happy to meet with the Country Director of the World Bank today. They were kind enough to promise support... http://t.co/Se4OnGh3md
2014-01-15 16:48:44+00:00,yadavakhilesh,"When Films shoot in Uttar Pradesh, they create jobs and increase tourism. 

To encourage more films to shoot in... http://t.co/lRerCWeSWn"
2014-01-11 11:00:16+00:00,yadavakhilesh,"When Salman visited Safai for the Mahotsav, he made a point to spend some time at the UP Rural Institute of... http://t.co/GPdp5IX5Yf"
2014-01-05 17:15:52+00:00,yadavakhilesh,"'Life is like riding a bicycle. To keep your, balance you must keep moving.’ - Albert Einstein 

Today, I... http://t.co/GBJoaVe7XB"
2014-01-01 16:38:05+00:00,yadavakhilesh,"Wishing everyone, a Happy New Year. http://t.co/MgbhTNBN58"
2013-12-31 10:46:01+00:00,yadavakhilesh,"I am proud to announce a 100 acre IT City, in Lucknow. It will play a crucial role in the overall economic... http://t.co/5c1VdZTbMD"
2013-12-23 17:12:00+00:00,yadavakhilesh,"I am happy to announce that after Meerut, we started another Government Sugar Mill today at Shahjahanpur.

The... http://t.co/Yr2EXtV3lD"
2013-12-21 12:17:17+00:00,yadavakhilesh,"For more information on The Skill Development Mission, please watch this video http://t.co/BYx3aITdDv"
2013-12-21 10:40:24+00:00,yadavakhilesh,Launched Skill Development Mission today. Registration information for the free courses is available at http://t.co/fQqvox2KEo
2013-12-14 08:12:46+00:00,yadavakhilesh,"Today, we distributed the last phase, of the world’s largest Laptop Distribution Program. We have completed the... http://t.co/FXGyR27uP1"
2013-12-13 13:36:03+00:00,yadavakhilesh,"Sharing with you a special picture. The laying of the foundation stone, for The Maitre Pariyojana in Khushinagar. http://t.co/8EfVkswLll"
2013-12-07 16:26:53+00:00,yadavakhilesh,"This is one of the world’s most famous games, but unfortunately, it’s least played in our country.  Did the prize... http://t.co/jq19PpUSup"
2013-12-04 16:16:42+00:00,yadavakhilesh,"Glad to see the amazing talent, the youth of UP has. Congratulations to the students of IIT Kanpur for the excellent job opportunities."
2013-12-04 16:15:41+00:00,yadavakhilesh,"Glad to see the amazing talent, the youth of UP has. Congratulations to the students of IIT Kanpur for the... http://t.co/MMtsTHg8UY"
2013-12-04 09:00:17+00:00,yadavakhilesh,"I am happy to announce a new medical college, along with a nursing college. The medical college will be in Badaun... http://t.co/royouVviJ2"
2013-12-04 08:58:49+00:00,yadavakhilesh,I am happy to announce a new medical and nursing college. The medical college will be in Badaun. The nursing college will be in Jaunpur.
2013-12-01 03:27:32+00:00,yadavakhilesh,"It is amazing, how fast our song is being downloaded. Here is the link if you haven't heard it http://t.co/viGmLnyFdN http://t.co/BSYAxNtjQD"
2013-11-29 16:42:17+00:00,yadavakhilesh,"Met Yogesh Kochar and Karan Bajwa MD of Microsoft India, It gives me immense pride to announce a two day IT Gala, E - Uttar Pradesh."
2013-11-27 15:29:00+00:00,yadavakhilesh,"Hausla, is a state-wide program to dramatically increase the health indicators of mothers &amp; newborn children. http://t.co/GwNb8ob6AE"
2013-11-25 14:44:39+00:00,yadavakhilesh,Soon Lucknow will have the Largest Super Speciality Cancer hospital. I want people to get cheaper and superior health care within the state.
2013-11-21 14:07:28+00:00,yadavakhilesh,"'We didn't start the Fire!' - Billy Joel, thank you for the rights."
2013-11-16 13:13:02+00:00,yadavakhilesh,Bharat Ratna for Sachin is a well deserved honor for the son of India.
2013-11-16 09:54:20+00:00,yadavakhilesh,Attending a forum for the development of Lucknow. Hearing some great ideas. Would love to know some of your suggestions.
2013-11-15 10:49:37+00:00,yadavakhilesh,"Even though The Delhi Metro Rail Corporation has refused to support us, I will still make sure that the Lucknow Metro is constructed."
2013-11-14 14:03:21+00:00,yadavakhilesh,Thank you Sachin for the wonderful memories. Cricket will miss you. #ThankYouSachin
2013-11-14 12:49:48+00:00,yadavakhilesh,Happy Children's Day!! http://t.co/QqRvMnrxC1
2013-11-13 15:36:50+00:00,yadavakhilesh,@yadavakhilesh Our Azamgarh Rally
2013-11-13 15:35:40+00:00,yadavakhilesh,http://t.co/nX1rbcKCC2
2014-05-11 12:27:22+00:00,shivpalsinghyad,"I posted 8 photos on Facebook in the album ""जनसभा (जनपद-मऊ, लोकसभा-घोसी)"" http://t.co/JBgVNLhjF1"
2014-05-11 09:16:43+00:00,shivpalsinghyad,I posted a new photo to Facebook http://t.co/BQqqGLrKrB
2014-05-11 05:30:43+00:00,shivpalsinghyad,देश एवं प्रदेश के विकास के लिए समाजवादी पार्टी को वोट दें | http://t.co/GXXKwB0q90
2014-05-10 13:07:28+00:00,shivpalsinghyad,देश एवं प्रदेश के विकास के लिए समाजवादी पार्टी को वोट दें | http://t.co/ako2kysQBS
2014-05-10 11:38:29+00:00,shivpalsinghyad,जल्द शुरू होगी मेट्रो http://t.co/yhG4njvDhA
2014-05-10 08:45:53+00:00,shivpalsinghyad,I posted a new photo to Facebook http://t.co/xfmjGqONlg
2014-05-10 06:50:33+00:00,shivpalsinghyad,"जनसभा बलिया-
9-मई-2014 को जनपद बलिया में जनसभा को सम्बोधित करते हुए उत्तर प्रदेश के समाजवादी पार्टी के प्रदेश... http://t.co/Ss81l6nD0G"
2014-05-10 04:54:26+00:00,shivpalsinghyad,I posted a new photo to Facebook http://t.co/snN1izxqXx
2014-05-09 12:30:08+00:00,shivpalsinghyad,देश एवं प्रदेश के विकास के लिए समाजवादी पार्टी को वोट दें | http://t.co/fyhfixQGiA
2014-05-09 11:13:29+00:00,shivpalsinghyad,लोकसभा घोसी में समाजवादी पार्टी के प्रत्याशी श्री राजीव राय के समर्थन में आयोजित जनसभा को मंत्री शिवपाल सिंह यादव... http://t.co/b5cghTU549
2014-05-09 08:50:05+00:00,shivpalsinghyad,"जनसभा (आजमगढ़)-
8-मई-2014 आजमगढ़, में लोकसभा प्रत्याशी मा० मुलायम सिंह यादव जी के समर्थन के लिए जगह-जगह जनसभा को... http://t.co/Sb8YosGbJ8"
2014-05-09 07:11:16+00:00,shivpalsinghyad,लोकसभा बलिया (जनपद-ग़ाज़ीपुर) में समाजवादी पार्टी के प्रत्याशी श्री नीरज शेखर के समर्थन में आयोजित जनसभा को मंत्री... http://t.co/nWvDHQ1JmQ
2014-05-09 07:09:40+00:00,shivpalsinghyad,लोकसभा बलिया (जनपद-ग़ाज़ीपुर) में समाजवादी पार्टी के प्रत्याशी श्री नीरज शेखर के समर्थन में आयोजित जनसभा को मंत्री... http://t.co/B31FwrVSvs
2014-05-09 05:40:59+00:00,shivpalsinghyad,देश एवं प्रदेश के विकास के लिए समाजवादी पार्टी को वोट दें | http://t.co/46t9nKMGbS
2014-05-08 12:31:03+00:00,shivpalsinghyad,लोकसभा/जनपद बलिया में समाजवादी पार्टी के प्रत्याशी श्री नीरज शेखर के समर्थन में आयोजित जनसभा को मंत्री शिवपाल... http://t.co/I1NXQc3JS6
2014-05-08 10:00:17+00:00,shivpalsinghyad,"जनसभा : ग़ाज़ीपुर 

प्रत्याशी : श्रीमती शिवकन्या कुशवाहा 

https://t.co/tpiYpR7kBO http://t.co/Cue6pDPaQx"
2014-05-08 07:06:25+00:00,shivpalsinghyad,"जनसभा - मिर्ज़ापुर
प्रत्याशी - श्री सुरेन्द्र सिंह पटेल 

https://t.co/tpiYpR7kBO http://t.co/VOxyBTUv3d"
2014-05-08 07:04:40+00:00,shivpalsinghyad,"जनसभा - मिर्ज़ापुर
प्रत्याशी - श्री सुरेन्द्र सिंह पटेल 

https://t.co/tpiYpR7kBO http://t.co/T4GtV0FL79"
2014-05-07 13:02:44+00:00,shivpalsinghyad,"कार्यकर्त्ता बैठक (आजमगढ़)-
----------------------------
7-मई-2014 को समाजवादी पार्टी कार्यालय आजमगढ़ मे पार्टी... http://t.co/PKUpMMXC84"
2014-05-07 09:43:53+00:00,shivpalsinghyad,I posted a new photo to Facebook http://t.co/qxzll0OJet
2014-05-07 06:55:24+00:00,shivpalsinghyad,"जनसभा-
---------
6-मई-2014 को शेखपुर गाँव, आजमगढ़, में जनसभा को सम्बोधित करते समाजवादी पार्टी के प्रदेश प्रवक्ता... http://t.co/6vlWVzwxqU"
2014-05-07 05:13:55+00:00,shivpalsinghyad,I posted a new photo to Facebook http://t.co/oiIcV2sjYP
2014-05-06 13:48:44+00:00,shivpalsinghyad,I posted a new video to Facebook http://t.co/Fo9py6qGJA
2014-05-06 11:03:48+00:00,shivpalsinghyad,"जनसभा आजमगढ़- 
-------------------
6-मई-2014 को उत्तर प्रदेश के मंत्री एवं समाजवादी पार्टी के प्रदेश प्रवक्ता... http://t.co/vlEKCXTRxu"
2014-05-06 08:02:47+00:00,shivpalsinghyad,https://t.co/UCf7NSsQIY http://t.co/lzLTHZvBPB
2014-05-06 05:02:33+00:00,shivpalsinghyad,"I posted 6 photos on Facebook in the album ""जनसभा फैजाबाद -"" http://t.co/9zwXIeCIhR"
2014-05-05 12:56:41+00:00,shivpalsinghyad,लोकसभा लालगंज में प्रत्याशी श्री बेचई सरोज के समर्थन में आयोजित जनसभा को मंत्री शिवपाल सिंह यादव सम्बोधित करेंगे... http://t.co/ZNbBZKLpoJ
2014-05-05 08:22:08+00:00,shivpalsinghyad,लोकसभा आजमगढ़ में प्रत्याशी मा० मुलायम सिंह यादव जी के समर्थन में आयोजित जनसभा को मंत्री शिवपाल सिंह यादव सम्बोधित... http://t.co/KvVT3RIvhX
2014-05-05 06:39:53+00:00,shivpalsinghyad,I posted a new photo to Facebook http://t.co/GwZNbtNQpI
2014-05-04 13:57:36+00:00,shivpalsinghyad,लोकसभा फैज़ाबाद में प्रत्याशी श्री मित्रसेन यादव के समर्थन में आयोजित जनसभा को मंत्री शिवपाल सिंह यादव सम्बोधित... http://t.co/lYMb5cLSRE
2014-05-04 11:09:58+00:00,shivpalsinghyad,लोकसभा सुल्तानपुर में प्रत्याशी श्री शकील अहमद खान के समर्थन में आयोजित जनसभा को मंत्री शिवपाल सिंह यादव सम्बोधित... http://t.co/4NtFV1p1Ib
2014-05-04 08:40:57+00:00,shivpalsinghyad,लोकसभा इलाहबाद में प्रत्याशी कु० रेवती रमण सिंह के समर्थन में आयोजित जनसभा को मंत्री शिवपाल सिंह यादव सम्बोधित... http://t.co/vefhCtRzwC
2014-05-04 05:11:35+00:00,shivpalsinghyad,I posted a new photo to Facebook http://t.co/UHQE1nvJSK
2014-05-03 13:02:07+00:00,shivpalsinghyad,लोकसभा कैसरगंज (जनपद-गोण्डा) में प्रत्याशी श्री विनोद कुमार के समर्थन में आयोजित जनसभा को मंत्री शिवपाल सिंह यादव... http://t.co/2ABhJtUXic
2014-05-03 09:13:42+00:00,shivpalsinghyad,I posted a new photo to Facebook http://t.co/iePdUjp3sy
2014-05-03 08:20:39+00:00,shivpalsinghyad,लोकसभा गोण्डा (जनपद-गोण्डा)  में प्रत्याशी श्रीमती नन्दिता शुक्ला के समर्थन में आयोजित जनसभा को मंत्री शिवपाल... http://t.co/f92zgUe8UX
2014-05-03 05:12:43+00:00,shivpalsinghyad,लोकसभा श्रावस्ती में प्रत्याशी श्री अतीक अहमद के समर्थन में आयोजित जनसभा को मंत्री शिवपाल सिंह यादव सम्बोधित करेंगे : http://t.co/AA7CPFsEnX
2014-05-02 10:37:12+00:00,shivpalsinghyad,I posted a new photo to Facebook http://t.co/FBvvJG6Nhp
2014-05-02 07:59:24+00:00,shivpalsinghyad,I posted a new photo to Facebook http://t.co/toE8xLZooZ
2014-05-02 05:01:27+00:00,shivpalsinghyad,लोकसभा - नैनीताल में प्रत्याशी श्री अवतार सिंह के समर्थन में जनसभा : http://t.co/XnOoZdceQu
2014-05-01 12:41:02+00:00,shivpalsinghyad,"I posted 6 photos on Facebook in the album ""जनसभा इलाहाबाद (1-मई-2014)-"" http://t.co/kvm90KyJFp"
2014-05-01 11:02:00+00:00,shivpalsinghyad,सिंचाई एवं बाढ़ नियंत्रण (जनपद - आजमगढ़) विशेष : http://t.co/Xz2t0ovKGW
2014-05-01 08:16:40+00:00,shivpalsinghyad,अन्तर्राष्ट्रीय श्रमिक दिवस के अवसर पर सभी श्रमिकों को हार्दिक बधाई एवं शुभकामनायें। http://t.co/u7UAuRHxoZ
2014-05-01 06:08:49+00:00,shivpalsinghyad,सभी प्रदेश वासियों को महीर्ष परशुराम जयंती की हार्दिक बधाई। http://t.co/h1e9se9EGl
2014-05-01 05:05:46+00:00,shivpalsinghyad,"I posted 11 photos on Facebook in the album ""रोड-शो, आजमगढ़ (30-अप्रैल-2014)-"" http://t.co/cbuAbwe9Ip"
2014-04-30 09:14:30+00:00,shivpalsinghyad,I posted a new photo to Facebook http://t.co/rSIZRhevbz
2014-04-30 07:05:49+00:00,shivpalsinghyad,"लोकसभा भदोही -
--------------------

समाजवादी पार्टी के लोकसभा प्रत्याशी श्रीमती सीमा मिश्रा के समर्थन में आयोजित... http://t.co/ZASuzTqPzJ"
2014-04-30 05:34:48+00:00,shivpalsinghyad,I posted a new photo to Facebook http://t.co/Uit7XHjCph
2014-04-30 04:24:01+00:00,shivpalsinghyad,समाजवादी पार्टी को वोट दें। http://t.co/xXjpOLCnpK
2014-04-29 13:26:48+00:00,shivpalsinghyad,"I posted 6 photos on Facebook in the album ""जनसभा बस्ती (29-अप्रैल-2014)"" http://t.co/YigrhBXp4T"
2014-04-29 12:13:39+00:00,shivpalsinghyad,समाजवादी पार्टी को वोट दें | http://t.co/TZH9i8Pp7a
2014-04-29 07:03:14+00:00,shivpalsinghyad,"ऑपरेशन पूर्वांचल 

https://t.co/tpiYpR7kBO http://t.co/hgU9udZkAP"
2014-04-29 05:56:49+00:00,shivpalsinghyad,"जनसम्पर्क (रोड शो) कार्यक्रम :

https://t.co/tpiYpR7kBO http://t.co/W46PmLE7DP"
2014-04-28 14:02:20+00:00,shivpalsinghyad,सहकारिता विभाग (जनपद - फतेहपुर) विशेष: http://t.co/4PUB0ifSJR
2014-04-28 10:17:10+00:00,shivpalsinghyad,"लोकसभा बस्ती:
----------------

समाजवादी पार्टी के लोकसभा प्रत्याशी श्री बृजकिशोर सिंह के समर्थन में आयोजित जनसभा... http://t.co/AqW5nrFgC2"
2014-04-28 07:02:28+00:00,shivpalsinghyad,"लोकसभा डुमरियागंज :
-----------------------

समाजवादी पार्टी के लोकसभा प्रत्याशी श्री माता प्रसाद पाण्डेय के... http://t.co/VZobpbgIh8"
2014-04-27 13:12:30+00:00,shivpalsinghyad,I posted a new photo to Facebook http://t.co/u3aDDn8lbD
2014-04-27 10:39:11+00:00,shivpalsinghyad,"सिंचाई एवं बाढ़ नियंत्रण विभाग (जनपद लखनऊ) विशेष :

https://t.co/UCf7NSsQIY http://t.co/AHy3r2YdOB"
2014-04-27 07:40:04+00:00,shivpalsinghyad,देश में सिर्फ समाजवाद की लहर http://t.co/UGsugDo7ud
2014-04-27 05:31:26+00:00,shivpalsinghyad,"I posted 7 photos on Facebook in the album ""जनसभा (जनपद फतेहपुर)"" http://t.co/yNaBHiy7hE"
2014-04-26 12:28:37+00:00,shivpalsinghyad,"लोकसभा लखनऊ :
समाजवादी पार्टी के लोकसभा प्रत्याशी श्री अभिषेक मिश्रा के समर्थन में आयोजित जनसभा को मंत्री शिवपाल... http://t.co/GsSCdIAIEs"
2014-04-26 06:30:23+00:00,shivpalsinghyad,"जनसभा (25-अप्रैल-2014)-

25-अप्रैल-2014को लखनऊ मवैया, में समाजवादी पार्टी लखनऊ के लोकसभा प्रत्याशी अभिषेक मिश्रा... http://t.co/NpUxcNz49E"
2014-04-26 04:37:24+00:00,shivpalsinghyad,"I posted 5 photos on Facebook in the album ""जनसभा उन्नाव-"" http://t.co/wDYje9Hrap"
2014-04-25 12:40:41+00:00,shivpalsinghyad,"जनसभा-
-----------

25-अप्रैल-2014 को मंत्री शिवपाल सिंह यादव शाम 7 बजे मवैया चौराहा,  लखनऊ में समाजवादी पार्टी... http://t.co/foE4sZc99X"
2014-04-25 11:44:53+00:00,shivpalsinghyad,प्रदेश तथा देश के विकास के लिये समाजवादी पार्टी को वोट दें | http://t.co/dGBzMN40ru
2014-04-25 10:00:30+00:00,shivpalsinghyad,24-अप्रैल-2014 लखनऊ में जनसभा को सम्बोधित करते शिवपाल सिंह यादव- http://t.co/UZ2xsSaHXC
2014-04-25 08:27:43+00:00,shivpalsinghyad,"लोकसभा झांसी :
समाजवादी पार्टी के लोकसभा प्रत्याशी श्री चंद्रपाल सिंह यादव के समर्थन में आयोजित जनसभा को मंत्री... http://t.co/ZVTk3iDPko"
2014-04-25 05:40:02+00:00,shivpalsinghyad,"I posted 5 photos on Facebook in the album ""जनसभा लखनऊ (खदरा, 24-अप्रैल-2014)-"" http://t.co/8BD09Crhq8"
2014-04-24 11:29:43+00:00,shivpalsinghyad,"लोकसभा हमीरपुर :
समाजवादी पार्टी के लोकसभा प्रत्याशी श्री विशम्भर प्रसाद निषाद के समर्थन में आयोजित जनसभा को... http://t.co/v1zjoj3BKN"
2014-04-24 08:34:00+00:00,shivpalsinghyad,23-अप्रैल-2014जनसभा लखनऊ (चौक)- http://t.co/HkW9S29xef
2014-04-24 07:11:48+00:00,shivpalsinghyad,"हमने इतिहास बदला है, 
आज हम वोट से तस्वीर बदलेंगे। http://t.co/0weD59IrRt"
2014-04-24 05:02:01+00:00,shivpalsinghyad,"लोकसभा उन्नाव :
समाजवादी पार्टी के लोकसभा प्रत्याशी श्री अरुण शंकर शुक्ला के समर्थन में आयोजित जनसभा को मंत्री... http://t.co/YBtowXBVeV"
2014-04-23 10:25:55+00:00,shivpalsinghyad,"जनसभा-
----------
23-अप्रैल-2014 को मंत्री शिवपाल सिंह यादव रात 8:30 बजे चावल वाली गली, चौक, लखनऊ में समाजवादी... http://t.co/3jmEpoKgQX"
2014-04-23 09:53:00+00:00,shivpalsinghyad,समाजवादी पार्टी को वोट दे। http://t.co/fNPGZSGTe7
2014-04-23 08:20:31+00:00,shivpalsinghyad,"जनसभा-
-----------
23-अप्रैल-2014 समाजवादी पार्टी के लखनऊ लोकसभा प्रत्याशी अभिषेक मिश्रा के समर्थन में आयोजित... http://t.co/8mtNkGbMtk"
2014-04-23 06:26:07+00:00,shivpalsinghyad,"जनसभा-
-----------
23अप्रैल-2014 को मंत्री शिवपाल सिंह यादव शाम 7 बजे सदर चौरहा, कैंट,  लखनऊ में समाजवादी पार्टी... http://t.co/YWlK9Z2gUm"
2014-04-23 05:06:08+00:00,shivpalsinghyad,"I posted 9 photos on Facebook in the album ""जनसभा लखनऊ (22-अप्रैल-2014)-"" http://t.co/WaOBItvpY0"
2014-04-22 13:18:51+00:00,shivpalsinghyad,दिनांक 21-अप्रैल-2014 को उत्तर प्रदेश के मंत्री शिवपाल सिंह यादव ने इटावा शहर में सिख समुदाय को सम्बोधित किया और... http://t.co/3cTuYeQJPo
2014-04-22 13:18:50+00:00,shivpalsinghyad,I posted a new photo to Facebook http://t.co/8qw1PQH3hw
2014-04-22 13:18:50+00:00,shivpalsinghyad,I posted a new photo to Facebook http://t.co/RB7VkV5Xso
2014-04-22 13:04:28+00:00,shivpalsinghyad,"जनसभा-
-----------
22-अप्रैल-2014 को मंत्री शिवपाल सिंह यादव शाम 7 बजे फव्वारे चौराहा, चौक लखनऊ में समाजवादी... http://t.co/BwSr9rPPHa"
2014-04-22 11:04:29+00:00,shivpalsinghyad,I posted a new photo to Facebook http://t.co/wBB0SHMwys
2014-04-22 04:56:22+00:00,shivpalsinghyad,दिनांक 21-अप्रैल-2014 को उत्तर प्रदेश के मंत्री शिवपाल सिंह यादव ने इटावा शहर में व्यापारियों के साथ सभा की और... http://t.co/5Ar46kO4Yx
2014-04-22 04:56:22+00:00,shivpalsinghyad,I posted a new photo to Facebook http://t.co/sgeu4wSjk8
2014-04-22 04:56:22+00:00,shivpalsinghyad,I posted a new photo to Facebook http://t.co/7elP2W8mk6
2014-04-21 12:00:16+00:00,shivpalsinghyad,"I posted 8 photos on Facebook in the album ""जनसभा (मझावन, कानपुर नगर)-"" http://t.co/lO9DrjSxYU"
2014-04-21 09:19:04+00:00,shivpalsinghyad,आपका एक वोट परिवर्तन ला सकता है http://t.co/yWAoxPIaRD
2014-04-21 09:16:53+00:00,shivpalsinghyad,आपका एक वोट परिवर्तन ला सकता है http://t.co/mdQJFzGOl0
2014-04-21 04:40:24+00:00,shivpalsinghyad,I posted a new photo to Facebook http://t.co/kTBHlN9ZwH
2014-04-20 09:38:48+00:00,shivpalsinghyad,"जनसभा:
लोक सभा क्षेत्र-मैनपुरी http://t.co/MFaQ1c8REz"
2014-04-20 07:35:35+00:00,shivpalsinghyad,"जनसभा:
लोक सभा क्षेत्र-फर्रुखाबाद http://t.co/lJed5WyhaG"
2014-04-20 06:39:05+00:00,shivpalsinghyad,"दिनांक 21-अप्रैल-2014 को मंत्री शिवपाल सिंह यादव ने विधान सभा क्षेत्र जसवंत नगर, इटावा में स्थानीय कार्यकर्ताओं... http://t.co/TSD3Y9lVCo"
2014-04-20 06:39:05+00:00,shivpalsinghyad,I posted a new photo to Facebook http://t.co/oxRc8LUgam
2014-04-20 06:39:04+00:00,shivpalsinghyad,I posted a new photo to Facebook http://t.co/meIz2rlYeZ
2014-04-20 05:06:35+00:00,shivpalsinghyad,"जनसभा:
लोक सभा क्षेत्र-अकबरपुर http://t.co/TwTNI8lXFm"
2014-04-19 12:59:31+00:00,shivpalsinghyad,"I posted 8 photos on Facebook in the album ""सीतापुर जनसभा (धौरहरा)-"" http://t.co/SVjPyhFsF2"
2014-04-19 08:16:43+00:00,shivpalsinghyad,"I posted 9 photos on Facebook in the album ""गुदाऊ, फिरोजाबाद जनसभा-"" http://t.co/f0AIoPXAZJ"
2014-04-19 06:47:34+00:00,shivpalsinghyad,I posted a new photo to Facebook http://t.co/WjCCTqbfVg
2014-04-19 05:15:06+00:00,shivpalsinghyad,"I posted 9 photos on Facebook in the album ""एका फिरोजाबाद जनसभा-"" http://t.co/Wzjgdr5F4G"
2014-04-19 04:27:44+00:00,shivpalsinghyad,I posted a new photo to Facebook http://t.co/lBy4NDh12L
2014-04-18 13:30:21+00:00,shivpalsinghyad,"जनसभा:
लोक सभा क्षेत्र - कन्नौज http://t.co/y1oOBjFdxc"
2014-04-18 12:07:47+00:00,shivpalsinghyad,कांग्रेस के प्रदेश सचिव धर्मेन्द्र सिंह कुशवाहा 18-अप्रैल-2014 को समाजवादी पार्टी के प्रदेश प्रवक्ता शिवपाल सिंह... http://t.co/Ug1kIw5xqd
2014-04-18 10:52:30+00:00,shivpalsinghyad,"जनसभा:
लोक सभा क्षेत्र - मिश्रिख (जनपद - हरदोई) http://t.co/Ecj4uGbrRV"
2014-04-18 09:17:58+00:00,shivpalsinghyad,"जनसभा:
लोक सभा क्षेत्र - धौरहरा (जनपद - सीतापुर) http://t.co/7gDczGiJXj"
2014-04-18 05:17:28+00:00,shivpalsinghyad,"I posted 8 photos on Facebook in the album ""जनसभा जसवन्तनगर (17-अप्रैल-2014)-"" http://t.co/XFfCToNdOY"
2014-04-17 12:24:13+00:00,shivpalsinghyad,जनसभा - फ़िरोज़ाबाद http://t.co/oZ1FLmq7Xz
2014-04-17 07:45:47+00:00,shivpalsinghyad,I posted a new photo to Facebook http://t.co/LwW8c8VnRv
2014-04-17 06:25:27+00:00,shivpalsinghyad,"उत्त्तर प्रदेश के मंत्री शिवपाल सिंह यादव दिनांक 18-अप्रैल-2014 को ग्राम तुरैया, वि०स० जसवंत नगर, लोक सभा मैनपुरी... http://t.co/A37GUIVmHi"
2014-04-17 05:15:04+00:00,shivpalsinghyad,I posted a new photo to Facebook http://t.co/nkw6vE3QN4
2014-04-16 11:18:02+00:00,shivpalsinghyad,I posted a new photo to Facebook http://t.co/GkVCy2cMWD
2014-04-16 09:17:48+00:00,shivpalsinghyad,I posted a new photo to Facebook http://t.co/SYxrybOuzg
2014-04-16 06:51:23+00:00,shivpalsinghyad,I posted a new photo to Facebook http://t.co/BroKLiA5lc
2014-04-16 04:50:35+00:00,shivpalsinghyad,"बढ़पुरा जनसभा-
----------------
15-अप्रैल-2014 को बढ़पुरा, इटावा में में आयोजित जनसभा को सम्बोधित करते हुए मंत्री... http://t.co/eEsDs7ewOG"
2014-04-15 13:46:29+00:00,shivpalsinghyad,"I posted 7 photos on Facebook in the album ""जनसभा कौशाम्बी-"" http://t.co/4dqP4dzemB"
2014-04-15 12:23:55+00:00,shivpalsinghyad,लोक सभा प्रत्याशी मा० मुलायम सिंह यादव (राष्ट्रीय अध्यक्ष - स०पा०) समर्थन में जन सभा http://t.co/xvMP6Fa0Jd
2014-04-15 10:25:25+00:00,shivpalsinghyad,लोक सभा प्रत्याशी 'श्री नीरज शेखर' समर्थन में जन सभा http://t.co/hsDqqxHO9M
2014-04-15 08:18:26+00:00,shivpalsinghyad,I posted a new photo to Facebook http://t.co/uiOWD2IiD2
2014-04-15 08:17:03+00:00,shivpalsinghyad,I posted a new photo to Facebook http://t.co/s1oL4QuazO
2014-04-15 05:31:20+00:00,shivpalsinghyad,लोक सभा प्रत्याशी 'श्री राधेश्याम सिंह' समर्थन में जन सभा http://t.co/KRKXXkmRqb
2014-04-15 04:49:02+00:00,shivpalsinghyad,लोक सभा प्रत्याशी 'श्री बालेश्वर यादव' समर्थन में जन सभा http://t.co/oqjJWrxXvC
2014-04-14 13:50:16+00:00,shivpalsinghyad,"I posted 10 photos on Facebook in the album ""जनसभा जालौन-"" http://t.co/80z1DNfpuY"
2014-04-14 12:34:34+00:00,shivpalsinghyad,लोक सभा प्रत्याशी 'श्री प्रेमदास कठेरिया' के समर्थन में जन सभा http://t.co/aC8MJYhUTe
2014-04-14 10:31:27+00:00,shivpalsinghyad,लोक सभा प्रत्याशी 'श्री घनश्याम अनुरागी' के समर्थन में जन सभा http://t.co/J9AMJrUFf5
2014-04-14 08:25:26+00:00,shivpalsinghyad,"सौरिख कन्नौज जनसभा-
-------------------------

मंत्री शिवपाल सिंह यादव जी ने 14-अप्रैल-2014 को कन्नौज से लोकसभा... http://t.co/HSSMoxPmNq"
2014-04-14 07:31:54+00:00,shivpalsinghyad,लोक सभा प्रत्याशी 'श्री प्रेमदास कठेरिया' के समर्थन में जन सभा http://t.co/fYK6VzrGUA
2014-04-14 06:26:59+00:00,shivpalsinghyad,"I posted 7 photos on Facebook in the album ""जनसभा जसवन्तनगर-"" http://t.co/Ela2TRZJDD"
2014-04-14 05:10:48+00:00,shivpalsinghyad,भारतीय संविधान के मुख्य वास्तुकार डा० भीमराव अम्बेडकर की जयंती पर नमन | http://t.co/WDRIgVO1N4
2014-04-14 05:07:45+00:00,shivpalsinghyad,भारतीय संविधान के मुख्य वास्तुकार डा० भीमराव अम्बेडकर की जयंती पर नमन | http://t.co/a7ocHL72Uu
2014-04-13 13:23:48+00:00,shivpalsinghyad,जान सभा-लोक सभा जालौन http://t.co/QKVRPW9cgX
2014-04-13 12:43:45+00:00,shivpalsinghyad,"I posted 7 photos on Facebook in the album ""जनसभा - लोक सभा मोहनलालगंज"" http://t.co/aRRITf7MZN"
2014-04-13 12:19:36+00:00,shivpalsinghyad,"I posted 7 photos on Facebook in the album ""जनसभा - लोक सभा मोहनलालगंज"" http://t.co/5T4zB7kb60"
2014-04-13 08:29:24+00:00,shivpalsinghyad,सभी देशवासियों को बैसाखी की लख-लख बधाई | http://t.co/OxXsoUVvhl
2014-04-13 06:48:03+00:00,shivpalsinghyad,"सत्य, त्याग, अहिंसा और दया के आदर्श भगवान महावीर की जयन्ती पर नमन | http://t.co/q7a96oJ2oQ"
2014-04-13 05:58:16+00:00,shivpalsinghyad,"जनसभा - मैनपुरी 
-------------------

दिनांक 12-अप्रैल-2014 को समाजवादी पार्टी के प्रदेश प्रवक्ता शिवपाल सिंह... http://t.co/MZ4ehbpXLd"
2014-04-12 13:26:58+00:00,shivpalsinghyad,जनसभा - कन्नौज http://t.co/9d6kdxgB34
2014-04-12 04:50:40+00:00,shivpalsinghyad,जनसभा - इटावा http://t.co/bDQdb3Ewyz
2014-04-12 04:42:43+00:00,shivpalsinghyad,जनसभा - इटावा http://t.co/bJQxE441DW
2014-04-11 12:51:01+00:00,shivpalsinghyad,उत्तर प्रदेश के विकास के लिए समाजवादी पार्टी को वोट दें | http://t.co/AYzQatab7h
2014-04-11 07:56:39+00:00,shivpalsinghyad,I posted a new photo to Facebook http://t.co/NoXLeuDVci
2014-04-11 06:17:10+00:00,shivpalsinghyad,"कार्यकर्त्ता बैठक जसवन्तनगर-
10-अप्रैल-2014 जसवन्तनगर क्षेत्र में कार्यकर्ताओं से मिल कर चुनाव के बारे में मंथन... http://t.co/wdoDV9X8XO"
2014-04-11 04:54:13+00:00,shivpalsinghyad,जन सभा - मैनपुरी http://t.co/LjkfPGxBAJ
2014-04-10 12:42:00+00:00,shivpalsinghyad,जान सभा - मैनपुरी http://t.co/6AsrZQXr1Z
2014-04-10 09:25:28+00:00,shivpalsinghyad,I posted a new photo to Facebook http://t.co/pOfP54Ycdy
2014-04-10 06:54:26+00:00,shivpalsinghyad,I posted a new photo to Facebook http://t.co/7E5WSdxqm1
2014-04-10 05:50:33+00:00,shivpalsinghyad,I posted a new photo to Facebook http://t.co/eWALFsYTD7
2014-04-09 11:51:28+00:00,shivpalsinghyad,I posted a new photo to Facebook http://t.co/GqBZBsXL2V
2014-04-09 08:30:04+00:00,shivpalsinghyad,I posted a new photo to Facebook http://t.co/bG0Py4R8EU
2014-04-09 05:30:36+00:00,shivpalsinghyad,लोक निर्माण विभाग विशेष- http://t.co/wT97SYFe22
2014-04-08 13:16:46+00:00,shivpalsinghyad,"I posted 10 photos on Facebook in the album ""कार्यकर्त्ता सम्मेलन उन्नाव -"" http://t.co/RySSrGLMGm"
2014-04-08 13:04:26+00:00,shivpalsinghyad,दिनांक 08-अप्रैल-2014 को समाजवादी पार्टी के प्रदेश प्रवक्ता शिवपाल सिंह यादव के समक्ष सिख समाज के सैकड़ो लोगों ने... http://t.co/JPxc0qBrkb
2014-04-08 10:37:40+00:00,shivpalsinghyad,I posted a new photo to Facebook http://t.co/4jLmG1wn4P
2014-04-08 07:03:29+00:00,shivpalsinghyad,समाजवादी पार्टी के प्रवक्ता शिवपाल सिंह यादव लोकसभा अकबरपुर के प्रत्याशी लाल सिंह तोमर के समर्थन में आयोजित जनसभा... http://t.co/KGnfPIHb27
2014-04-08 04:43:44+00:00,shivpalsinghyad,मां दुर्गा की अंतिम और नौवीं शक्ति का नाम सिद्धिदात्री है | समाजवादी पार्टी की तरफ से आप सभी को नवरात्र की... http://t.co/Abk8yuducH
2014-04-07 12:41:21+00:00,shivpalsinghyad,"I posted 9 photos on Facebook in the album ""जनसभा (हमीरपुर)-"" http://t.co/hgP5lnlS8W"
2014-04-07 05:32:49+00:00,shivpalsinghyad,जनसभा - कानपुर देहात http://t.co/bsFIqvxdG6
2014-04-07 04:51:24+00:00,shivpalsinghyad,मां दुर्गा की आठवीं शक्ति का नाम महागौरी है | आज नवरात्र की अष्टमी है | समाजवादी पार्टी की तरफ से आप सभी को... http://t.co/pa5XqBBpFn
2014-04-06 11:27:11+00:00,shivpalsinghyad,जनसभा - हमीरपुर http://t.co/DES1ciYInu
2014-04-06 08:02:40+00:00,shivpalsinghyad,समाजवादी पार्टी को वोट दें | http://t.co/8X0Ms6Jpdx
2014-04-06 05:08:59+00:00,shivpalsinghyad,समाजवादी पार्टी के प्रदेश प्रवक्ता शिवपाल सिंह यादव औरंगाबाद - बिहार की प्रत्याशी रीता देवी के समर्थन में आयोजित... http://t.co/iAqlriuclf
2014-04-06 04:47:55+00:00,shivpalsinghyad,"मां दुर्गा की सातवीं शक्ती का नाम कालरात्रि है, इनका एक नाम शुभंकरी भी है | आज नवरात्र की सप्तमी है |
समाजवादी... http://t.co/Ck0FnHAm6C"
2014-04-05 11:36:23+00:00,shivpalsinghyad,"I posted 4 photos on Facebook in the album ""कार्यकर्ता सम्मलेन - सहारनपुर"" http://t.co/c65byE37Z2"
2014-04-05 10:18:09+00:00,shivpalsinghyad,समाजवादी पार्टी के प्रदेश प्रवक्ता शिवपाल सिंह यादव औरंगाबाद - बिहार की प्रत्याशी रीता देवी के समर्थन में आयोजित... http://t.co/OWlFQeVyT8
2014-04-05 07:00:51+00:00,shivpalsinghyad,I posted a new photo to Facebook http://t.co/aEi1UZqft6
2014-04-05 04:53:23+00:00,shivpalsinghyad,मां दुर्गा के छठवें स्वरूप का नाम कात्यायनी है | आज नवरात्र की षष्ठम तिथि है समाजवादी पार्टी की तरफ से आप सभी को... http://t.co/WIY0EB2j7l
2014-04-05 04:44:45+00:00,shivpalsinghyad,I posted a new photo to Facebook http://t.co/WAahMgYKdU
2014-04-04 12:30:54+00:00,shivpalsinghyad,जनसभा http://t.co/1eCgtojKD0
2014-04-04 11:48:27+00:00,shivpalsinghyad,http://t.co/orevtRIUBZ
2014-04-04 10:55:05+00:00,shivpalsinghyad,I posted a new photo to Facebook http://t.co/xQVsV2iMTs
2014-04-04 07:40:31+00:00,shivpalsinghyad,जनसभा http://t.co/kmem52ZRdk
2014-04-04 04:56:42+00:00,shivpalsinghyad,"सिंहासनगता नित्यं पद्माश्रितकरद्वया |
शुभदास्तु सदा देवी स्कन्दमाता यशस्विनी ||
आज नवरात्र की पंचम तिथि है... http://t.co/OQMs2xuHp6"
2014-04-03 12:23:24+00:00,shivpalsinghyad,I posted a new photo to Facebook http://t.co/DYBd8haz6E
2014-04-03 12:21:07+00:00,shivpalsinghyad,"I posted 6 photos on Facebook in the album ""चुनाव कार्यालय उदघाटन जसवंत नगर"" http://t.co/RhVmrvINw9"
2014-04-03 09:57:56+00:00,shivpalsinghyad,"भाइयों और बहनों,
                   वैसे तो देश के सामने अनेकानेक समस्याएं हैं | उनमें से कुछ प्रमुख समस्याओं पर... http://t.co/AYSnKnLTN9"
2014-04-03 07:00:12+00:00,shivpalsinghyad,3-अप्रैल-2014 को सुबह 8 बजे शिवपाल सिंह यादव ने किसानो से मिल कर कहा समाजवादी पार्टी किसानो की लड़ाई लड़ती रहती है... http://t.co/cpz80cjDw5
2014-04-03 05:48:19+00:00,shivpalsinghyad,"आज नवरात्र की चतुर्थ तिथि है, समाजवादी पार्टी की तरफ से आप सभी को नवरात्र की हार्दिक शुभकामनायें | — in Etawah http://t.co/QbwZfZNjky"
2014-04-03 05:19:20+00:00,shivpalsinghyad,लोक निर्माण विभाग विशेष- http://t.co/5pxqCKSzEE
2014-04-02 13:11:14+00:00,shivpalsinghyad,http://t.co/HEDyMQnV8m
2014-04-02 11:04:05+00:00,shivpalsinghyad,"I posted 6 photos on Facebook in the album ""कार्यकर्त्ता सम्मलेन (सैफई, इटावा)"" http://t.co/sjCtF0UDs7"
2014-04-02 07:31:24+00:00,shivpalsinghyad,http://t.co/sXJO5JVZ1X
2014-04-02 06:13:36+00:00,shivpalsinghyad,I posted a new photo to Facebook http://t.co/QM5IQpgJqf
2014-04-02 05:08:09+00:00,shivpalsinghyad,I posted a new photo to Facebook http://t.co/wQ1nY4iQ2x
2014-04-01 13:53:31+00:00,shivpalsinghyad,"I posted 8 photos on Facebook in the album ""कार्यकर्त्ता सम्मलेन (ताखा)"" http://t.co/ORdwGBAPnr"
2014-04-01 13:24:19+00:00,shivpalsinghyad,"I posted 8 photos on Facebook in the album ""विशाल जन सभा (घाटमपुर)"" http://t.co/g8HYfpMTrF"
2014-04-01 07:39:36+00:00,shivpalsinghyad,कार्यकर्ता सम्मेलन- http://t.co/Ikeq6kTj0M
2014-04-01 06:31:43+00:00,shivpalsinghyad,jai mata di
2014-04-01 05:53:06+00:00,shivpalsinghyad,I posted a new photo to Facebook http://t.co/rTLdk1vt9F
2014-04-01 04:50:20+00:00,shivpalsinghyad,सभी देश वासियों को चेटी चंड (झूलेलाल जयन्ती) की हार्दिक बधाई | http://t.co/l6gfVchfi6
2014-03-31 13:02:20+00:00,shivpalsinghyad,"समाजवादी पार्टी के प्रदेश प्रवक्ता शिवपाल सिंह यादव ने आज समाजवादी पार्टी में शकील अली, पूर्व अध्य़क्ष जिला... http://t.co/PjowRvJDke"
2014-03-31 04:57:31+00:00,shivpalsinghyad,सभी प्रदेश वासियों को नवरात्र की हार्दिक बधाई http://t.co/TVc5A6VzPD
2014-03-30 13:05:44+00:00,shivpalsinghyad,I posted a new photo to Facebook http://t.co/aGwE3cAk6E
2014-03-30 10:49:19+00:00,shivpalsinghyad,कार्यकर्ताओं का जन सैलाब http://t.co/xPtj7f14K7
2014-03-30 09:00:30+00:00,shivpalsinghyad,कार्यकर्ता सम्मलेन http://t.co/Fm0U2FMuqP
2014-03-30 07:56:33+00:00,shivpalsinghyad,"जरूर देखें सीधी बात शिवपाल जी के साथ
     दिनांक 30-मार्च-२०१४ 
     ज़ी संगम (ज़ी न्यूज़ - उत्तर प्रदेश) पर — at... http://t.co/AAAJxyEHEB"
2014-03-30 06:55:22+00:00,shivpalsinghyad,"I posted 4 photos on Facebook in the album ""कार्यकर्ता सम्मलेन - आजमगढ़"" http://t.co/lkknROvcue"
2014-03-30 05:45:53+00:00,shivpalsinghyad,"I posted 4 photos on Facebook in the album ""कार्यकर्ता सम्मलेन - वाराणसी"" http://t.co/WZRiyvjwge"
2014-03-29 13:49:22+00:00,shivpalsinghyad,प्रदेश के विकास के लिए समाजवादी पार्टी को वोट दें | http://t.co/E4Dn6HUXAH
2014-03-29 11:25:36+00:00,shivpalsinghyad,आइये मिलकर बनायें एक बेहतर भविष्य http://t.co/2jUDRn7aZ1
2014-03-29 07:30:27+00:00,shivpalsinghyad,आइये मिलकर बनाये उत्तर प्रदेश को उत्तम प्रदेश http://t.co/GGDeWj5Omj
2014-03-29 05:40:09+00:00,shivpalsinghyad,देश के विकास के लिए समाजवादी पार्टी को वोट दें | http://t.co/kBuC0coyZL
2014-03-28 12:44:18+00:00,shivpalsinghyad,"उत्तर प्रदेश-उत्तम प्रदेश

http://t.co/mublFvMJwF http://t.co/68UdsXgg7i"
2014-03-28 08:19:31+00:00,shivpalsinghyad,समाजवादी पार्टी को वोट दें | http://t.co/QU1SZLOfLh
2014-03-28 06:05:50+00:00,shivpalsinghyad,I posted a new photo to Facebook http://t.co/ajjN0NOjrn
2014-03-27 13:11:04+00:00,shivpalsinghyad,"आज समाजवादी पार्टी के प्रदेश प्रवक्ता शिवपाल सिंह यादव ने मेरठ से पूर्व सांसद हरीश पाल, हरदोई से राष्ट्रीय लोक दल... http://t.co/VUX0rXVsED"
2014-03-27 08:47:19+00:00,shivpalsinghyad,लोक निर्माण विभाग की उपलब्धिया http://t.co/1mdYDDZMXO
2014-03-26 13:17:58+00:00,shivpalsinghyad,"आज समाजवादी पार्टी में इलाहाबाद के पूर्व भाजपा विधायक श्री जोखूलाल यादव, अमरोहा के पूर्व बसपा विधायक हाजी हयात,... http://t.co/RAJ5Ce8ikw"
2014-03-26 10:20:16+00:00,shivpalsinghyad,"लोक निर्माण विभाग विशेष-
https://t.co/UCf7NSsQIY http://t.co/CQLDQPxEaC"
2014-03-26 04:36:54+00:00,shivpalsinghyad,"लोक निर्माण विभाग विशेष-

उत्तर प्रदेश-उत्तम प्रदेश-
================== http://t.co/3pVYdVykup"
2014-03-25 11:38:29+00:00,shivpalsinghyad,"I posted 9 photos on Facebook in the album ""नामांकन"" http://t.co/5RaZoDZMDS"
2014-03-25 09:08:09+00:00,shivpalsinghyad,http://t.co/ZwSckUH7Jy http://t.co/ApfoL6rPpI
2014-03-25 08:03:15+00:00,shivpalsinghyad,http://t.co/HCcJJIR5W3
2014-03-25 04:54:03+00:00,shivpalsinghyad,I posted a new photo to Facebook http://t.co/KGqYwSFAw5
2014-03-24 10:47:31+00:00,shivpalsinghyad,उत्तर प्रदेश के विकास के लिए साथ मिलकर चलें | http://t.co/9aTKbO3Edk
2014-03-24 07:52:45+00:00,shivpalsinghyad,उत्तर प्रदेश के विकास के लिए समाजवादी पार्टी को वोट दें | http://t.co/OGJvu9WQpV
2014-03-24 05:35:37+00:00,shivpalsinghyad,विमोचन http://t.co/cohIQN50WJ
2014-03-23 13:05:22+00:00,shivpalsinghyad,"I posted 5 photos on Facebook in the album ""हर वोट जरूरी है"" http://t.co/H0Em9qdpWf"
2014-03-23 10:42:38+00:00,shivpalsinghyad,"I posted 7 photos on Facebook in the album ""जयन्ती पर नमन"" http://t.co/ybpwWUFctR"
2014-03-23 08:05:01+00:00,shivpalsinghyad,सपा सरकार में हुआ है विकास http://t.co/tt0FoqQBay
2014-03-23 06:33:17+00:00,shivpalsinghyad,"हम नमन करते हैं उन युवा क्रांतिकारियों को जिन्होंने देश की आज़ादी के लिए अपने प्राण न्यौछावर कर दिये |
हम सब सदैव... http://t.co/fCXQE4kNY0"
2014-03-23 04:54:41+00:00,shivpalsinghyad,समाजवाद के प्रेरणा स्रोत डा० राम मनोहर लोहिया के जन्म दिन पर नमन http://t.co/gfrZal2Rxt
2014-03-22 08:45:16+00:00,shivpalsinghyad,https://t.co/tpiYpR7kBO http://t.co/UCl3a2whB2
2014-03-22 06:04:01+00:00,shivpalsinghyad,"जल ही तो जीवन है, जल ही है जीवन की शान।  
                          जल ही तो सब कुछ है, जल ही है धरती की शान।। http://t.co/LoJt3un9Zb"
2014-03-22 05:01:43+00:00,shivpalsinghyad,https://t.co/UCf7NSsQIY http://t.co/qxV0CbKAdd
2014-03-21 13:35:13+00:00,shivpalsinghyad,"21-मार्च-2014 को आजमगढ़ से बासपा के पूर्व विधायक मालिक मसूद, नॉएडा से अजय प्रधान, और बुलंदशहर से भाजपा के केसरी... http://t.co/54BMfDnO8x"
2014-03-21 10:07:20+00:00,shivpalsinghyad,"अपील-
==== http://t.co/2rF8HAxnR0"
2014-03-21 06:22:31+00:00,shivpalsinghyad,"अश्रुपूर्ण श्रृद्धांजली-
जमाना बड़े शौक से सुन रहा था, तुम ही सो गए दांस्ता कहते-कहते। जब लेखनी की दास्ताँ वक़्त... http://t.co/F2FyLgKpxX"
2014-03-21 05:26:17+00:00,shivpalsinghyad,I posted a new photo to Facebook http://t.co/e1z9en90QA
2014-03-20 12:53:12+00:00,shivpalsinghyad,20-मार्च-2014 को आजमगढ़ से भाजपा के पूर्व विधायक कमलाकान्त पासवान और मथुरा से कोंग्रेस के पूर्व मंत्री सरदार सिंह... http://t.co/ptzEGGnLTU
2014-03-20 09:58:55+00:00,shivpalsinghyad,http://t.co/bLQlBm2m0Q
2014-03-20 04:46:07+00:00,shivpalsinghyad,I posted a new photo to Facebook http://t.co/RSOMeqwUVg
2014-03-19 11:22:16+00:00,shivpalsinghyad,I posted a new photo to Facebook http://t.co/w89UHs1Duw
2014-03-19 09:18:10+00:00,shivpalsinghyad,"विकास की नई ऊचाईंयां-
https://t.co/UCf7NSsQIY http://t.co/qvnx78EYUi"
2014-03-19 06:39:36+00:00,shivpalsinghyad,I posted a new photo to Facebook http://t.co/0S1FssNoik
2014-03-19 04:51:10+00:00,shivpalsinghyad,"नव निर्माण उत्तर प्रदेश-
https://t.co/UCf7NSsQIY http://t.co/hGC6xaHa32"
2014-03-18 12:49:43+00:00,shivpalsinghyad,"आइयें बनायें उत्तर प्रदेश को उत्तम प्रदेश 

http://t.co/ZwSckUH7Jy http://t.co/sqS2giTh8C"
2014-03-18 08:04:17+00:00,shivpalsinghyad,अपील!! http://t.co/bJJvx56Ym1
2014-03-18 05:25:46+00:00,shivpalsinghyad,Celebration holi in Etawa...... http://t.co/1TgjwoWFsQ
2014-03-18 05:24:27+00:00,shivpalsinghyad,Celebration Holi in Etawa...... http://t.co/HoC47RuqZu
2014-03-17 08:36:26+00:00,shivpalsinghyad,"घोषणा पत्र-
https://t.co/UCf7NSsQIY http://t.co/ByZHCwKiQZ"
2014-03-17 04:06:15+00:00,shivpalsinghyad,आप सभी देश वासियों को रंगो के त्योहार होली पर ढेर सारी शुभकामनाएं ! Happy Holi - http://t.co/E1OU3aurMA
2014-03-16 11:37:27+00:00,shivpalsinghyad,I posted a new photo to Facebook http://t.co/uUCS3HdM4S
2014-03-16 09:10:24+00:00,shivpalsinghyad,http://t.co/mh4AT7jFEM
2014-03-16 04:53:57+00:00,shivpalsinghyad,"उत्तर प्रदेश-उत्तम प्रदेश 

विकास की ओर बढ़ते कदम http://t.co/mw0qT62JK8"
2014-03-15 13:50:58+00:00,shivpalsinghyad,http://t.co/0CHC1OI6tP
2014-03-15 11:11:08+00:00,shivpalsinghyad,विधायक निधि से हो रहा है क्षेत्र का विकास- http://t.co/H2lw5BGcSk
2014-03-15 08:56:34+00:00,shivpalsinghyad,I posted a new photo to Facebook http://t.co/rs803r6ZxO
2014-03-15 06:24:18+00:00,shivpalsinghyad,http://t.co/78UJbwUV6d
2014-03-15 04:56:17+00:00,shivpalsinghyad,14-मार्च-2014 को मैनपुरी के भोगाव में मा० शिवपाल सिंह यादव ने कार्यकर्त्ता सम्मलेन में चुनाव तैयारी को लेकर मंथन... http://t.co/Qh5yTSgb0B
2014-03-14 14:11:05+00:00,shivpalsinghyad,14-मार्च-2014 को मैनपुरी में मा० शिवपाल सिंह यादव ने कार्यकर्त्ता सम्मलेन में कार्यकर्ताओं से फीडबैक लिया और... http://t.co/qlFEWT1CMy
2014-03-14 11:22:17+00:00,shivpalsinghyad,"उत्तर प्रदेश, विकास की ओर- http://t.co/FrawzIAWiH"
2014-03-14 09:26:47+00:00,shivpalsinghyad,http://t.co/BXhHTMFLMI
2014-03-14 05:28:56+00:00,shivpalsinghyad,13-मार्च-2014 को इटावा में विशाल कार्यकर्त्ता सम्मेलन में सेक्टर प्रभारी एवं बूथ प्रभारी से लोक सभा चुनाव की... http://t.co/8WuzZbcTVV
2014-03-13 14:02:38+00:00,shivpalsinghyad,"अपील-
------- http://t.co/mvkwe6ahWn"
2014-03-13 12:52:56+00:00,shivpalsinghyad,13-मार्च-2014को औरैया में लोक सभा चुनाव की रणनीति को लेकर पार्टी के नेताओं और कार्यकर्त्ता के साथ चर्चा करते... http://t.co/OC22lC0lP2
2014-03-13 10:01:46+00:00,shivpalsinghyad,विधायक निधि से हो रहा है क्षेत्र का विकास- http://t.co/dRNAIiodIY
2014-03-13 06:14:45+00:00,shivpalsinghyad,http://t.co/5WhmCjYIhG
2014-03-13 05:46:35+00:00,shivpalsinghyad,13-मार्च-2014 को दोपहर 12 बजे इटावा में मा० शिवपाल सिंह यादव समाजवादी पार्टी के कार्यकर्ताओं की समीक्षा बैठक करेंगे -
2014-03-13 04:39:10+00:00,shivpalsinghyad,विधायक निधि से हो रहा है क्षेत्र का विकास http://t.co/w7irw0UZDg
2014-03-12 12:14:30+00:00,shivpalsinghyad,विकास का संकल्प- शिवपाल सिंह यादव http://t.co/DIbwAxFpUM
2014-03-12 08:56:38+00:00,shivpalsinghyad,http://t.co/FGsvy0tGEi
2014-03-12 07:12:14+00:00,shivpalsinghyad,प्रदेश के विकास के लिए समाजवादी पार्टी को वोट दें। http://t.co/Z3vkzTfor2
2014-03-12 04:37:10+00:00,shivpalsinghyad,विधायक निधि से हो रहा है क्षेत्र का विकास http://t.co/L9tAVTPeP5
2014-03-11 13:18:06+00:00,shivpalsinghyad,http://t.co/Jn3QVD0xXH
2014-03-11 09:03:10+00:00,shivpalsinghyad,उत्तर प्रदेश-उत्तम प्रदेश http://t.co/ROPglwMzyr
2014-03-11 05:59:00+00:00,shivpalsinghyad,http://t.co/YbQRhi8Plw
2014-03-11 04:45:50+00:00,shivpalsinghyad,लोक निर्माण विभाग विशेष- http://t.co/VO06aPVHEK
2014-03-10 13:27:58+00:00,shivpalsinghyad,http://t.co/3dnw1QmPFU
2014-03-10 10:04:10+00:00,shivpalsinghyad,http://t.co/RPtScGZP0b
2014-03-10 05:27:31+00:00,shivpalsinghyad,विधायक निधि से हो रहा है क्षेत्र का विकास http://t.co/OPyLnJ0oZ0
2014-03-09 08:15:50+00:00,shivpalsinghyad,लोक निर्माण विभाग विशेष http://t.co/6mptwqjG5e
2014-03-09 05:30:18+00:00,shivpalsinghyad,विधायक निधि से होगा विकास http://t.co/4QVRii7HVa
2014-03-08 11:36:39+00:00,shivpalsinghyad,लोक निर्माण आगरा विशेष- http://t.co/QeTcAEdSze
2014-03-08 06:17:54+00:00,shivpalsinghyad,अंतर्राष्ट्रीय महिला दिवस http://t.co/EnNhYp49Ss
2014-03-08 05:25:19+00:00,shivpalsinghyad,विधायक निधि से कराया  क्षेत्र का विकास- http://t.co/QPWmy95hTj
2014-03-07 12:01:29+00:00,shivpalsinghyad,उत्तर प्रदेश-उत्तम प्रदेश- http://t.co/N1yKrC0JMN
2014-03-07 06:45:15+00:00,shivpalsinghyad,"I posted 7 photos on Facebook in the album ""जन सभा"" http://t.co/jlxDusi1Il"
2014-03-06 12:54:46+00:00,shivpalsinghyad,लोक निर्माण लखनऊ विशेष- http://t.co/zQeozb7hN7
2014-03-06 08:52:28+00:00,shivpalsinghyad,उत्तर प्रदेश के विकास के लिए समाजवादी पार्टी को वोट दें | http://t.co/0bN8yGTmRy
2014-03-06 04:47:42+00:00,shivpalsinghyad,लोक निर्माण आगरा विशेष- http://t.co/5suJ5ByAWM
2014-03-06 04:45:05+00:00,shivpalsinghyad,"I posted 4 photos on Facebook in the album """" http://t.co/scBsfI081j"
2014-03-05 11:08:57+00:00,shivpalsinghyad,लोक निर्माण लखनऊ विशेष- http://t.co/rmCNyLsulR
2014-03-05 08:03:22+00:00,shivpalsinghyad,लखनऊ प्राणी उद्यान जनता की सुविधा के लिए शुरू की ऑनलाइन टिकट बुकिंग की व्यवस्था- http://t.co/ktNAiwgqAZ
2014-03-05 06:00:23+00:00,shivpalsinghyad,http://t.co/o6fFhc1osW
2014-03-05 05:29:53+00:00,shivpalsinghyad,लोक निर्माण विशेष http://t.co/FSETWzs2L8
2014-03-04 12:42:17+00:00,shivpalsinghyad,"I posted 7 photos on Facebook in the album ""विकास के कदम"" http://t.co/nskoFI0X2v"
2014-03-04 10:50:40+00:00,shivpalsinghyad,विकास की और बढ़ते कदम- http://t.co/l3F8K5nRKn
2014-03-04 10:36:40+00:00,shivpalsinghyad,विकास की और बढ़ते कदम- http://t.co/h3SVyxHpGY
2014-03-04 06:29:39+00:00,shivpalsinghyad,उत्तर प्रदेश सरकार ने प्रदेश में विकास को बढ़ावा देने के लिए नयी परियोजनायें शुरू की http://t.co/1NHGSD9wCH
2014-03-04 04:56:20+00:00,shivpalsinghyad,"I posted 9 photos on Facebook in the album ""लखनऊ मेट्रो का शिलान्यास"" http://t.co/IK7tVTlNjk"
2014-03-03 12:43:54+00:00,shivpalsinghyad,विकास की ओर बढ़ते कदम- http://t.co/seeD8HN4ly
2014-03-03 09:49:57+00:00,shivpalsinghyad,"I posted 12 photos on Facebook in the album ""उत्तर प्रदेश बन रहा है उन्नतिशील प्रदेश"" http://t.co/3sR0wR0tVw"
2014-03-03 05:16:25+00:00,shivpalsinghyad,बलिया को मिली विकास की सौगात http://t.co/Pijxzl91W8
2014-03-03 04:22:55+00:00,shivpalsinghyad,उत्तर प्रदेश-उत्तम प्रदेश http://t.co/RJcm8nkDmv
2014-03-02 13:04:54+00:00,shivpalsinghyad,बलिया में एक कार्यक्रम में मंत्री शिवपाल सिंह यादव ने उत्तर प्रदेश सहकारी ग्राम विकास बैंक लि० का पूरे जिले में... http://t.co/JA5rO54kgF
2014-03-02 13:02:08+00:00,shivpalsinghyad,बलिया में एक कार्यक्रम में मंत्री शिवपाल सिंह यादव ने उत्तर प्रदेश सहकारी ग्राम विकास बैंक लि० का पूरे जिले में... http://t.co/z4XHWBkBU9
2014-03-02 11:49:40+00:00,shivpalsinghyad,"I posted 9 photos on Facebook in the album ""बलिया में जनेश्वर मिश्रा सेतु का शिलान्यास"" http://t.co/LAW7sJCiPo"
2014-03-02 08:20:39+00:00,shivpalsinghyad,नई रहो पर प्रदेश की राहें- http://t.co/QngbRokY7d
2014-03-02 04:50:32+00:00,shivpalsinghyad,2-मार्च-2014 http://t.co/dCvE4IoH0R
2014-03-01 08:03:25+00:00,shivpalsinghyad,"०१-मार्च-२०१४

विकास की ओर बढ़ते कदम http://t.co/iTy0qQQ5cV"
2014-03-01 05:41:07+00:00,shivpalsinghyad,28-फरवरी-2014 को जागरण कॉफी टेबिल बुक का विमोचन करते मंत्री शिवपाल सिंह यादव http://t.co/ysNolpeT6W
2014-03-01 04:59:16+00:00,shivpalsinghyad,देश बचाओ - देश बनाओ जन सभा- http://t.co/giUqrkZ4kl
2014-02-28 12:48:14+00:00,shivpalsinghyad,"I posted 5 photos on Facebook in the album ""लोकार्पण एवं शिलान्यास"" http://t.co/I9HZRzvscm"
2014-02-28 10:58:35+00:00,shivpalsinghyad,28-फरवरी-2014 http://t.co/lybsGcQ362
2014-02-28 07:12:13+00:00,shivpalsinghyad,I posted a new photo to Facebook http://t.co/1WMLNDWDag
2014-02-27 13:21:48+00:00,shivpalsinghyad,27-फरवरी-2014 http://t.co/y0xejsPjrL
2014-02-27 12:07:08+00:00,shivpalsinghyad,I posted a new photo to Facebook http://t.co/wWp4SnZA78
2014-02-27 09:41:09+00:00,shivpalsinghyad,27-फरवरी-2014 http://t.co/WJqjcEhROH
2014-02-27 06:47:07+00:00,shivpalsinghyad,27-फरवरी-2014 http://t.co/ufMCvtEKjB
2014-02-27 05:40:45+00:00,shivpalsinghyad,क्रांति के प्रेरणा स्रोत चन्द्र शेखर आज़ाद की पुण्य तिथि पर श्रद्धा सुमन http://t.co/GSYnr9up7J
2014-02-27 04:43:57+00:00,shivpalsinghyad,"27-फरवरी-2014

महाशिवरात्रि की हार्दिक शुभकामनाएं http://t.co/l5yb5PFUuF"
2014-02-26 09:13:54+00:00,shivpalsinghyad,इटावा विशेष- http://t.co/TeAJxrlS0V
2014-02-26 05:48:10+00:00,shivpalsinghyad,26-फरवरी-2014 http://t.co/vLN9W791uK
2014-02-26 04:45:01+00:00,shivpalsinghyad,सीतापुर विशेष http://t.co/wzWTIdRCd5
2014-02-25 09:58:37+00:00,shivpalsinghyad,25-फरवरी-2014 http://t.co/eWJi6b4QYN
2014-02-25 07:53:25+00:00,shivpalsinghyad,उत्तर प्रदेश को मिली पुलो की एक और सौगात - http://t.co/LbnFm6MY2e
2014-02-25 06:20:02+00:00,shivpalsinghyad,25-2-2014 http://t.co/aTRZReXx0c
2014-02-25 05:26:11+00:00,shivpalsinghyad,"I posted 14 photos on Facebook in the album ""गर्ल्स हॉस्टल का लोकार्पण"" http://t.co/4S6xSyy4OR"
2014-02-24 10:23:25+00:00,shivpalsinghyad,"I posted 21 photos on Facebook in the album ""औद्योगिक सम्मलेन"" http://t.co/h8KX58Nlj6"
2014-02-24 07:05:06+00:00,shivpalsinghyad,"I posted 15 photos on Facebook in the album ""लोकार्पण व शिलान्यास"" http://t.co/SQpiuqcpRo"
2014-02-24 05:40:35+00:00,shivpalsinghyad,24-फरवरी-2014 http://t.co/AYYEc0FMeo
2014-02-23 11:51:28+00:00,shivpalsinghyad,I posted a new photo to Facebook http://t.co/RGtLa5ui6j
2014-02-23 09:33:59+00:00,shivpalsinghyad,I posted a new photo to Facebook http://t.co/BrXOMSJg9B
2014-02-23 06:13:58+00:00,shivpalsinghyad,23-फरवरी-2014 http://t.co/yAevqAUBO9
2014-02-22 13:42:58+00:00,shivpalsinghyad,"I posted 8 photos on Facebook in the album ""शिलान्यास"" http://t.co/9TV3SNHtgr"
2014-02-22 09:54:36+00:00,shivpalsinghyad,विकास की ओर अग्रसर http://t.co/MJGlMdnCUG
2014-02-22 07:20:18+00:00,shivpalsinghyad,I posted a new photo to Facebook http://t.co/JgBgtlMt1p
2014-02-22 05:54:03+00:00,shivpalsinghyad,I posted a new photo to Facebook http://t.co/LDfrUEBXRp
2014-02-21 13:20:14+00:00,shivpalsinghyad,दिनाँक 21-फरवरी-2014 को सेन्ट्रल बार एसोसिएशन लखनऊ द्वारा आयोजित एक कार्यक्रम में उत्तर प्रदेश के मुख्यमंत्री... http://t.co/vSwZKk16k2
2014-02-21 13:20:14+00:00,shivpalsinghyad,I posted a new photo to Facebook http://t.co/aNaN3sHv73
2014-02-21 13:20:13+00:00,shivpalsinghyad,I posted a new photo to Facebook http://t.co/LL2273fPoC
2014-02-21 13:12:06+00:00,shivpalsinghyad,I posted a new photo to Facebook http://t.co/LSoKkdZfWk
2014-02-21 13:12:06+00:00,shivpalsinghyad,I posted a new photo to Facebook http://t.co/eAsV1RZTgd
2014-02-21 13:10:55+00:00,shivpalsinghyad,I posted a new photo to Facebook http://t.co/Z01sFrjRgA
2014-02-21 13:10:55+00:00,shivpalsinghyad,I posted a new photo to Facebook http://t.co/J9m0XLJ5Zw
2014-02-21 13:06:30+00:00,shivpalsinghyad,I posted a new photo to Facebook http://t.co/vu5E0D8pQJ
2014-02-21 06:59:54+00:00,shivpalsinghyad,I posted a new photo to Facebook http://t.co/Q4ORjblyhq
2014-02-20 14:41:04+00:00,shivpalsinghyad,20-फरवरी-2014: http://t.co/sDON9OwOwq
2014-02-20 13:03:23+00:00,shivpalsinghyad,I posted a new photo to Facebook http://t.co/xSeCgqXr9n
2014-02-20 11:40:56+00:00,shivpalsinghyad,I posted a new photo to Facebook http://t.co/nQBCFMipY8
2014-02-20 08:44:24+00:00,shivpalsinghyad,I posted a new photo to Facebook http://t.co/J8dpITAH1B
2014-02-20 06:08:27+00:00,shivpalsinghyad,"मंत्री शिवपाल सिंह यादव जनता की समस्याओं के निस्तारण के लिए 21-फरवरी-2014 को 6-ए, काली दास मार्ग लखनऊ के जनसुनवाई... http://t.co/xFxntxk3Tx"
2014-02-20 05:31:30+00:00,shivpalsinghyad,I posted a new photo to Facebook http://t.co/msq1QXzIup
2014-02-19 09:46:12+00:00,shivpalsinghyad,I posted a new photo to Facebook http://t.co/qAfCHzSF7F
2014-02-19 05:42:15+00:00,shivpalsinghyad,I posted a new photo to Facebook http://t.co/ZRjI3dmGMv
2014-02-18 09:25:39+00:00,shivpalsinghyad,I posted a new photo to Facebook http://t.co/XtyGtS4crb
2014-02-17 13:25:03+00:00,shivpalsinghyad,"I posted 4 photos on Facebook in the album ""लोकार्पण एवं शिलान्यास"" http://t.co/LVESbloMMP"
2014-02-17 13:00:03+00:00,shivpalsinghyad,"I posted 3 photos on Facebook in the album ""दुर्घटना बीमा योजना"" http://t.co/mWBAh1Ck3J"
2014-02-17 11:07:04+00:00,shivpalsinghyad,"16-फरवरी-2014 को उत्तर प्रदेश के मंत्री शिवपाल सिंह यादव ने इटावा में किसानों को ट्रैक्टर की चाभी सौंपी, प्रत्येक... http://t.co/nM7mOw0hTB"
2014-02-17 09:35:05+00:00,shivpalsinghyad,17-फरवरी-2014: http://t.co/dLExM53vkb
2014-02-17 08:15:37+00:00,shivpalsinghyad,"17-फरवरी-2014:

हमारी बेटी उसका कल- http://t.co/kWDVRiS7VC"
2014-02-17 06:44:51+00:00,shivpalsinghyad,17-फरवरी-2014 http://t.co/wNOi3UoHOT
2014-02-16 14:07:54+00:00,shivpalsinghyad,16-फरवरी-2014 को उत्तर प्रदेश के मंत्री शिवपाल सिंह यादव ने इटावा में 1364 छत्राओं को हमारी बेटी उसका कल योजना के... http://t.co/12oU0lTldx
2014-02-16 12:33:03+00:00,shivpalsinghyad,16-फरवरी-2014 को उत्तर प्रदेश के मंत्री शिवपाल सिंह यादव ने इटावा में जसवंत नगर तहसील भवन का शिलान्यास किया | —... http://t.co/CDwxmcGpWm
2014-02-16 12:33:02+00:00,shivpalsinghyad,I posted a new photo to Facebook http://t.co/ChRLxb5Wob
2014-02-16 12:33:02+00:00,shivpalsinghyad,I posted a new photo to Facebook http://t.co/awOp6nmsbc
2014-02-16 05:49:29+00:00,shivpalsinghyad,डेली न्यूज़ एक्टिविस्ट : 16-फरवरी-2014 http://t.co/4DON7msPJl
2013-12-15 05:13:51+00:00,shivpalsinghyad,http://t.co/pL5w1pqNr8
2013-12-15 04:57:58+00:00,shivpalsinghyad,"14-दिसंबर-2013 को मंत्री शिवपाल सिंह यादव, उत्तर प्रदेश सहकारी ग्राम विकास बैंक लि०, की सामान्य बैठक में सम्म्लित हुए http://t.co/hlSnfhiC6y"
2013-12-13 11:27:17+00:00,shivpalsinghyad,समाजवादी पार्टी को वोट दें | http://t.co/AVvT68edxJ
2013-12-13 11:18:21+00:00,shivpalsinghyad,13-दिसंबर-2013 को मंत्री शिवपाल यादव जनता दर्शन करते हुए | — in Lucknow. http://t.co/hVmtEH4Y58
2013-12-12 08:54:22+00:00,shivpalsinghyad,12-दिसंबर-2013 को उत्तर प्रदेश के मंत्री शिवपाल सिंह यादव ने जनता दर्शन में बड़ी संख्या में आए लोगो से मुलाकात की http://t.co/2gczHNW8Zp
2013-12-09 06:22:45+00:00,shivpalsinghyad,गृह जनपद जसवंत नगर में जनता की समस्या सुनते हुए उत्तर प्रदेश के मंत्री शिवपाल सिंह यादव http://t.co/ukHKmBfDwb
2013-12-07 09:28:28+00:00,shivpalsinghyad,सहकारिता विकास की रीढ़ है- शिवपाल सिंह यादव http://t.co/anRhEugGdc
2013-12-07 09:12:38+00:00,shivpalsinghyad,"6-दिसंबर-2013 को मंत्री शिवपाल सिंह यादव ने जसवंत नगर, इटावा में श्री शिव जी श्री गोगा जी मंदिर का शिलान्यास किया | http://t.co/mhUWTLGkD4"
2013-12-06 10:22:40+00:00,shivpalsinghyad,दक्षिण अफ्रीका के पूर्व राष्ट्रपति नेल्सन मंडेला के निधन से समाजवादी आंदोलन की अपूर्णीय क्षति - शिवपाल सिंह यादव
2013-11-17 05:18:11+00:00,shivpalsinghyad,भारत रत्न का पुरूस्कार देने पर सचिन तेंदुलकर को हार्दिक बधाई
2013-11-17 05:06:57+00:00,shivpalsinghyad,श्री गुरु नानक देव जी के प्रकाश पर्व पर आप सभी को लख-लख बधाईयां
